,Unnamed: 0,comment,negative,neutral,positive,score,type
0,0.0,"Ok so here's what I think (please don't take offense - but I'll take a hard line):

You mention a lot about yourself here and your past performance, however little about your case for purchasing ELO. I may be wrong, but this indicates to me you might not have a strong case (if so, please share your thesis so we can poke holes at it). 

Don't look at your past 'mistakes' - you didn't put more into them as you couldn't tolerate the risk. If you can afford the $2000 now - i.e. losing it wouldn't be the end of the world - (idk your financial situation fully), and fully back the company (you don't mention anything about why you want to buy ELO), then there's no reason why you shouldn't buy more of this stock. 

But the key thing is, know why you are buying - it's got to be a fairly solid thesis imo - have an expectation of what you'd like the company to achieve in 6 months time (or whenever) and continually assess. ",0.4015775,0.49762872,0.10079382,8.0,0.0
1,1.0,"Tell me your argument as to why it's a good investment.

I had never heard to ELO 5 minutes ago.  Looking at the H1 FY18 accounts.... Revenue 10m. Profit(loss) -$0.6m.  NTA $54m.

Current Market Value $314m

75% of the shares are own by three shareholders (presumably related in some way - not institutions).  ELO have purchased other companies - never a good sign for tightly held companies.

I will never look at this company again.  Nothing in the first 5 minutes of looking at this shows me anything remotely interesting.   

So, give me just one reason why I should even spend time looking this company.

If you want to invest your money somewhere, generally it is a good start to find a company that actually makes money.",0.70815825,0.2423465,0.049495187,2.0,0.0
2,2.0,"One reason you shouldn't increase your stake now is the current state of the market. It hasn't been hard making moeny in the smallcaps over the past year or so as we've been in an extreme bull market. Money is now starting to flow back out of the specs and imo we're slowly moving towards a bear market which means most specs will get smashed.
ALL IMO DYOR.",0.6474146,0.31641185,0.03617358,1.0,0.0
3,3.0,Go with your gut mate. $2k isn't going to be make or break.,0.31550822,0.62373275,0.060759008,1.0,0.0
4,4.0,What do they do? Why do you think they‚Äôre a good buy at the moment?,0.1395579,0.8107697,0.049672462,1.0,0.0
5,5.0,Small cap I've found; Elmo Software,0.007631054,0.5724579,0.4199109,9.0,2.0
6,0.0,it has a p/e of 144 you better hope it takes off in the future otherwise based on current stats its severely overvalued. dont get caught bagholding.,0.30893067,0.5139225,0.17714675,11.0,0.0
7,1.0,"Bought at 5.59, pretty happy",0.0014407368,0.032438498,0.9661207,4.0,0.0
8,2.0,"I find that Afterpay is the superior service compared to all of the other Australia competitors. Been bullish on them for a while but I would be hesitant to enter at the current price. You might be biased due to your recent discovery of the stock, but then again I might be due to my history with the stock. Its a fairly popular business to talk about on the ASX. ",0.030157309,0.20980819,0.76003444,3.0,0.0
9,3.0,"Bought in at $8.80 two weeks ago, hit $10 yesterday. They didn't have a Wikipedia article, so I wrote them one. I can't claim the results, but I've had a 12&#37; gain so pretty happy. Now when investors Google the company it shows the stock price and description of the company on the knowledge graph on the side.

I think one of the reasons it's so bullish is that it's listed as the #1 best total return in the last year on ANZ's app. It also recently entered the ASX200.",0.0034522954,0.04952742,0.9470203,4.0,0.0
10,4.0,"from a user perspective: zippay are better monetized and more polite. ie, more lucrative and likely have better retention. 

i use zippay all the time now. 

afterpay were pushy and inflexible. never again.",0.25254396,0.4286974,0.31875876,2.0,0.0
11,5.0,Afterpay has a little more room to grow (I've been viewing it for almost a year now) but majority of it's growth is done for now. Zip is very similar and allows for slightly bigger loans but is hindered by concerns. They recently underwent a brand refresh so it might do a little better now in the short term.,0.015553942,0.24344857,0.7409975,1.0,0.0
12,6.0,"[https://newswire.iguana2.com/af5f4d73c1a54a33/apt.asx/3A496767/APT\_Business\_Update](https://newswire.iguana2.com/af5f4d73c1a54a33/apt.asx/3A496767/APT_Business_Update) 

up \~10% today",0.08106024,0.82174647,0.0971933,1.0,0.0
13,7.0,"Has been around for a while. Noticed it when my female friends were complaining about their afterpay debt but never thought to see if it was listed. Just saw it now and it's doing well. What are you thoughts?

From a behavioral perspective and knowing what the milenial generation is like I can see this being a big hit in the near future.",0.06915103,0.5496107,0.3812382,16.0,1.0
14,8.0,Thoughts on APT (Afterpay),0.06543507,0.89423144,0.040333506,16.0,2.0
15,0.0,"CSL has dropped quite a bit over the last few weeks, about 15%. It seems to happen periodically with this stock. I can't find any info on the business conditions changing so I guess it might be investor sentiment? P/E ratio is a bit high? What do you guys reckon",0.6428808,0.3372443,0.019874869,2.0,0.0
16,1.0,What stocks are people considering a buy this week?,0.02755191,0.91585785,0.056590352,1.0,0.0
17,2.0,"Please use this thread for more 'active' discussion of stocks that may not warrant their own individual posts. As usual, please don't just list the names of stocks (or ask 'what do you think'), try to elaborate with your thoughts on the companies or news. Writing the tickers in **bold** is nice, to make it easier for people skimming the thread to pick out the names. 

If you want more 'in depth discussion', by all means feel free to open up a new thread, this is merely to facilitate briefer 'chats'

Since this thread may fill up quickly, consider sorting the comments by ""new"" (instead of ""best"" or ""top"") to see the newest posts.

[Finally, here is a link to our ongoing sharetipping competition!](https://docs.google.com/spreadsheets/d/1Lsk8i3qXAMK8Hw1QV3wbOkts7t0vwP8kd8DDg8bnZjs/edit?usp=sharing)",0.095767915,0.5559362,0.3482959,6.0,1.0
18,3.0,"Weekly /r/ausstocks Discussion - Week of October 01, 2018",0.044141877,0.92513794,0.03072026,6.0,2.0
19,0.0,"Removed because doesn't fit in with the sub. This isn't the first time this has happened either, consider it your final warning before we will ban you. ",0.7202388,0.26518723,0.014573882,1.0,0.0
20,1.0,Security and Privacy at Blocktopus ‚Äì Pythagoras Systems News & Updates ‚Äì Medium,0.032182783,0.89620477,0.07161243,3.0,2.0
21,0.0,Study of market breadth for noobs,0.49826288,0.4768126,0.024924546,0.0,2.0
22,0.0,"Man I love Afterpay (APT).
Currently sitting around $24.35 and it‚Äôs making me extremely happy. Thanks Nick Molnar, I owe you a beer.",0.0016324783,0.006051913,0.9923154,2.0,0.0
23,1.0,"Please use this thread for more 'active' discussion of stocks that may not warrant their own individual posts. As usual, please don't just list the names of stocks (or ask 'what do you think'), try to elaborate with your thoughts on the companies or news. Writing the tickers in **bold** is nice, to make it easier for people skimming the thread to pick out the names. 

If you want more 'in depth discussion', by all means feel free to open up a new thread, this is merely to facilitate briefer 'chats'

Since this thread may fill up quickly, consider sorting the comments by ""new"" (instead of ""best"" or ""top"") to see the newest posts.

[Finally, here is a link to our ongoing sharetipping competition!](https://docs.google.com/spreadsheets/d/1Q03si_e9HplkL-iK5jcZkyHQqouT_NUUyaDqw5GHxIo/edit?usp=sharing)",0.09964225,0.5643358,0.33602187,4.0,1.0
24,2.0,"Weekly /r/ausstocks Discussion - Week of April 01, 2019",0.032808676,0.93385,0.033341534,4.0,2.0
25,0.0,I mean...they can't have expected the gorillas like visa and mastercard to sit idly by while they cut a piece of the pie in one of the biggest markets with no cost of entry.,0.56951004,0.39393365,0.03655634,16.0,0.0
26,1.0,Holding up better than expected tbh.,0.0039284634,0.11362707,0.8824445,7.0,0.0
27,2.0,It's still way too early  to tell what it'll actually open at as almost everyone jumps in last minute to put in buys/sells,0.34377846,0.5975107,0.05871077,3.0,0.0
28,3.0,"Eli5?, nvm. It's due to VISA.

It's 21.3 on Commsec.",0.20308302,0.7348838,0.06203314,3.0,0.0
29,4.0,The fact that Afterpay costs merchants 4% and Visa is offering it for 0% worries me most.,0.82339257,0.16242664,0.014180886,2.0,0.0
30,5.0,"Out of interest, what research provider comes with NAB trade?",0.04250385,0.9209149,0.03658146,1.0,0.0
31,6.0,Turned out to be a good buying opportunity when it went down to low $20,0.011437928,0.120361514,0.86820066,1.0,0.0
32,7.0,$APT -- ooomphhh‚Ä¶ That's going to hurt.,0.87494975,0.11640028,0.008649996,21.0,2.0
33,0.0,"I don't buy it being an ""epic 18% rally""

You adjust the timeframe back 1 month to late 2018 and were about 4.5% up since then...

The S&P had a massive temper tantrum about a rate rise. All we've done is correct that and do a little bit more with an unexpected ScoMo bounce and a rate cut of our own.

Might be more to come but I'm not a buyer of this market whatsoever.",0.44665587,0.45965526,0.09368887,9.0,0.0
34,1.0,"The ASX is distorted by a handful of blue chips into which gobs of Super money is thrown each week. A ton of stocks I follow below the blue chip level are all doing extremely poorly, many down  by 50-70%. But if CBA ticks up 2% then the ASX follows.

At one point this financial year CBA was \~$65. Now it's \~$82. Has their business gotten 30% better with the massive drop in housing sales volume? Doubtful. I think it's just a case of like when Doc Holiday was asked why he played in a poker game when he knew it was rigged. ""It was the only game in town"", he replied.

Short term the ASX might continue to go up but I think it's rising purely on hot air. The ASX is gutless and follows the US lead. The moment the US goes risk-off, the ASX will get defenestrated.",0.59779245,0.34389594,0.058311626,8.0,0.0
35,2.0,Analysts Split on What's Next for Australia's Rallying Stocks,0.18952104,0.7780594,0.032419577,16.0,2.0
36,0.0,"Shouldn't Selfwealth Limited (ASX:**SWF**) be **SFW** (**S**EL**FW**EALTH)? They even mention the listing as SFW in an ASX announcement from 2017.

Seems like the original SFW (SFG Australia Limited) was delisted 2014 - do they prevent new listings from using recent codes?

Completely trivial topic of conversation, just something I noticed.",0.54614216,0.40847963,0.045378182,3.0,0.0
37,1.0,"My punt **CVN** is on the way back up. Recently confirmed the Dorado 1 drill with Dorado 2. Now drilling ROC south 1. If they hit hydro carbons there it will be start to look like a very big field.

I hold.",0.0128313415,0.6725895,0.3145792,2.0,0.0
38,2.0,"Superloop dropped today due to an earnings downgrade.

Long term, superloops wireless business model plan looks like it will have to fend off challenges from Uniti (UWL) and Spirit Telecom (ST1).

Uniti is a classic rollup that has had very good capital investment after being taken over by ex Vocus guy, and has had a good SP run, but dont really do much yet.

I dont know Spirit very well, but they fought off a takeover attempt from Uniti, and i suspect they have a more conservative long term focus.

Despite some pain at Superloop pulling all their bit together, they do look to have a pretty strong advantage due to having some infrastructure.",0.07860184,0.36294845,0.5584498,1.0,0.0
39,3.0,"Please use this thread for more 'active' discussion of stocks that may not warrant their own individual posts. As usual, please don't just list the names of stocks (or ask 'what do you think'), try to elaborate with your thoughts on the companies or news. Writing the tickers in **bold** is nice, to make it easier for people skimming the thread to pick out the names. 

If you want more 'in depth discussion', by all means feel free to open up a new thread, this is merely to facilitate briefer 'chats'

Since this thread may fill up quickly, consider sorting the comments by ""new"" (instead of ""best"" or ""top"") to see the newest posts.

[Finally, here is a link to our ongoing sharetipping competition!](https://docs.google.com/spreadsheets/d/1Q03si_e9HplkL-iK5jcZkyHQqouT_NUUyaDqw5GHxIo/edit?usp=sharing)",0.09964225,0.5643358,0.33602187,4.0,1.0
40,4.0,"Weekly /r/ausstocks Discussion - Week of July 01, 2019",0.032259542,0.9334166,0.034323882,4.0,2.0
41,0.0,Huh? The company stated the Austrack stuff in the capital raising preso?,0.18821864,0.782409,0.029372446,3.0,0.0
42,1.0,"Does anybody else think this equity raising that Afterpay did while the market wasn't aware of the Austrac investigation is a class action in the making?

 [https://www.theguardian.com/australia-news/2019/jun/19/buy-now-pay-later-how-afterpay-went-from-a-triumphant-share-issue-to-an-austrac-investigation](https://www.theguardian.com/australia-news/2019/jun/19/buy-now-pay-later-how-afterpay-went-from-a-triumphant-share-issue-to-an-austrac-investigation) 

&#x200B;

Crossposted to r/ClassActionsAustralia but expecting to get more discussion here :)",0.10763962,0.71024513,0.18211524,1.0,1.0
43,2.0,Afterpay class action in the making?,0.065848134,0.9143083,0.019843638,1.0,2.0
44,0.0,Have you used baby exo formula makerÔºü Any review pls comment below,0.028963981,0.91870147,0.052334636,0.0,2.0
45,0.0,Cross post from Ausfinance by OP /u/jackimatic,0.062453896,0.89971113,0.037835028,2.0,0.0
46,1.0,Kosec - Kodari Securities - warning,0.10482474,0.8673054,0.027869878,8.0,2.0
47,0.0,"There is a consolidation underway. The shares will be re-issued. The number of issued shares will be reduced and the value of each share will increase.

Edit: Suncorp's August announcement is here:  [https://www.suncorpgroup.com.au/announcements-pdf/1225356](https://www.suncorpgroup.com.au/announcements-pdf/1225356)",0.034002073,0.84204084,0.12395703,3.0,0.0
48,1.0,Can someone here shed some light on what‚Äôs happening with Suncorp shares at the moment. I‚Äôve been trying to understand the last few announcements but not really sure what‚Äôs going on. My shares have disappeared and currently have a new asx code of sundc,0.513169,0.45935512,0.027475856,18.0,2.0
49,0.0,">Do you know something the market doesn't?

Maybe ?

10,000's of people are out of work. On paper they are still employed because of $130,000,000,000 from the government. But when business resumes, the uptake wont be instant and loads of these people will go from 'stood down' to unemployed. The consequences from this are being understated. People with jobs will reduce discretionary spending. Large household name companies will go under. Retail will be hit hard - sorry AfterPay investors :(. Maybe people will have to sell their negative equity properties. It won't be fun.

Now; the timeline of these events come into question - can I stomach holding BBOZ for this long ? (aka: can the market remain irrational longer then I can solvent ? (>!they can!!<)). I'm not sure, maybe in a few days I'll reduce my position and accept a loss on the parcels I bought a few weeks ago (I guess that is the stop loss you mention), which are currently offset by gains from the very early parcels I bought.

Who knows, maybe one day you can sit around a camp fire telling young investlings of how this noob investor lost some cash and didn't DCA into the best recovery of all time. And for the record - I'm happy if you dance.",0.6350761,0.30233324,0.062590696,19.0,0.0
50,1.0,Virgin r/ausstocks vs Chad r/asx_bets,0.091491535,0.8713439,0.037164595,7.0,0.0
51,2.0,I've gone full bear. bought BBOZ at $11 and buying more...being bear makes me sad but gotta offset some of this pain. cash holds and inverts for me.,0.79547304,0.18442851,0.020098343,9.0,0.0
52,3.0,"How many posts are there going to be about what other people are buying. Just manage your own portfolio you muppets, who cares about Barry buying BBOZ or Lachlan DCA‚Äôing into index‚Äôs. See multiple posts a day about the same conversation from investors who‚Äôre insecure about their own portfolio and trying to tell others what to do.",0.6469412,0.320502,0.032556772,8.0,0.0
53,4.0,"> guessing which way the market is going to go which no one knows

I know which way the market is going. Down. And I bought 20k of BBOZ to back it up. 

130bn turning the market green for 3 seconds is about all the trading signal I need to know I‚Äôm going to be safe.",0.19960506,0.65250784,0.14788722,8.0,0.0
54,5.0,This sub is better than those etf wankers at r/ausfinance,0.20329171,0.39562294,0.4010854,4.0,0.0
55,6.0,"First thing to keep in mind - you are betting against people who literally do this 15 hours a day and have super computers and the smartest mathematicians and psychologists and all the rest in the world. Do you know more than them? They will eat you for lunch. 

The fight here is between people who invest on emotions and people who invest on statistics. Long term, statistics will always win. Short term, emotions usually win (or lose - in any event, will have greater gains or losses).  

What is 'long term' and what is 'short term' - well, an interesting question. 

Its fine to be one or the other or both in part.  Speculate/trade and also invest. Doesnt have to be all one or all the other. 

And emotions are important - if you are stressed about the market then not investing may be the best thing for you emotionally; the thought of perhaps losing some gains that will show up in 10 years doesnt pay for the cost of your stress today. 

And lets not forget, BBOZ and BBUS can be legitimate hedging techniques.",0.22532159,0.51645356,0.2582249,2.0,0.0
56,7.0,"This thread is full of people starting a post saying one of two things - 

1. What do I do with this BBUS/BBOZ that isn't going up, help me
2. When is the best time to buy, I'm not trying to pick the bottom but I just want to know when to buy. 

These are both speculation, you are guessing which way the market is going to go which no one knows. If you are going to try to time entry/exit with long or short positions you need to be conscious of what you are doing. This is VERY different to a buy and hold strategy (a bet that the market will rise in the very long term)

For the love of god if you do buy BBOZ or BBUS set a stop loss or have a system in place for when you get out of the trade in the event of a gain OR a loss.   
For everyone that wants to buy, do so slowly over time. Don't pick the bottom and don't put your entire lump sum in now. History tells us lump sum and DCA work out very similar but good luck sleeping through your entire lump sum experiencing 3-6% daily losses/gains. 

NB - For every bear/bull out there that thinks they know which way the market is running. Ask yourself a question before you place a hefty 'bet' on the long or the short side. Do you know something the market doesn't?",0.3562432,0.5398866,0.10387016,28.0,1.0
57,8.0,People buying BBOZ/BBUS and people trying to time the market,0.23674804,0.7219456,0.041306414,28.0,2.0
58,0.0,Nah. You‚Äôll need that if something goes wrong,0.5292873,0.4457,0.025012668,11.0,0.0
59,1.0,"Mate look at the commsec pocket app, you can invest from $50 in a few different etf groups.",0.009092555,0.77633023,0.21457732,8.0,0.0
60,2.0,Can you afford to lose 50% of your total cash?,0.5070356,0.47586802,0.01709632,3.0,0.0
61,3.0,"As long as you are happy to be without those amounts of money for an indefinite period (keep some personal cash around - touch wood, but your family could all die from a falling piece of space debris while you are down the shop fetching milk). 

I‚Äôm in the same boat. Have been paper trading for a while and decided to jump in with my $4k investment fund. After fees, I‚Äôm about 12% up over the last few weeks based on a trade every 2-3 days  and only stuck with $1k invested in a stock that‚Äôs down 14%. That one is eating at me. But in reality it‚Äôs $140 - an average Friday pub dinner and night out. 

I think this is a good time to get into investing, because the market is a bit more settled, and the big random changes have eased off, so I think companies are more or less trading on fundamentals, at a deflated price. But there is still enough gross volatility to learn the lessons you normally would have to spend months in the market to experience. 

My advice is throw some money in with no expectations. Watch the stocks as closely as you care to, but once things start moving erratically, close the browser and come back tomorrow.",0.32231957,0.49736452,0.180316,2.0,0.0
62,4.0,"You have to start somewhere, and its certainly a better time to invest than 2 months ago :/

If your investing to try and get the most use out of that $500, then investing it directly in the stock-market might not the most useful purpose for it.

If you want to invest to learn about the stockmarket, and financial management as a life skill, then its probably a really good idea.

But try and invest with no-regrets, invest an amount that wont cause you problems if its all goes sideways. Do you homework, try and make your own decisions (after listening to others), note all the risks and have a plan for when something happens you didnt expect.",0.15588987,0.45181257,0.3922975,1.0,0.0
63,5.0,"If you're looking to get a bit of experience in what I think is one of the most useful skills in trading - emotional stability, then sure, go for it. 

The chances of you making an amount of money that would be significant to you are slim, as trading fees will eat up a good portion, I'd recommend SelfWealth for the few free trades you get upon opening an account, that'll help.

If your looking at what is best strictly from a financial point of view, I would just stick it in a savings account with a 2% or higher interest rate (some quick google-fu will help you find some) and watch your nest egg grow with regular deposits. The benefit of having an emergency fund cannot be overstated, its MUCH easier to pull some cash out of your savings to pay for a surprise ambulance bill than it is to sell stock at a potential loss then wait for the transfer out.

&#x200B;

TLDR: Save up for a bigger initial investment after first accumulating an emergency fund if your doing this to be smart with money. Throw it into the market if your looking to have some fun and gain some experience in how you can react in a volatile market.",0.033357803,0.28286603,0.6837762,1.0,0.0
64,6.0,Try importing stuff from china check out this link.     https://www.reddit.com/user/sayutoys/comments/gy8q9y/how_to_import_stuff_from_china_for_just_500/?utm_medium=android_app&utm_source=share,0.163517,0.7828097,0.053673215,1.0,0.0
65,7.0,"If you only have $500 to invest, you probably can't afford to invest.",0.70579493,0.2748259,0.019379193,-1.0,0.0
66,8.0,"Currently have around $1000 in the bank as a student. I dont pay much for my neccesities as i still live at home and so other things are being taken care of. I have been doing paper trading for quiet some time now and been watching/reading investing information.   


Is there a certain stockbroker that does not require a minimum amount to be put in?  Self Wealth?   


Would it be worth to invest the $500 or should i wait to earn more?  


Thank you !",0.109415404,0.7161137,0.17447095,0.0,1.0
67,9.0,Should i invest with little money - $500 Aud,0.20100118,0.77235067,0.026648214,0.0,2.0
68,0.0,"I took about a month, reading up on what platforms were best to use and why, understanding some commonly used terms by googling them (ex-dividend date, PE ratio etc).

Honestly most of the learning comes from doing and experience. You'll slowly (or quickly if you're lucky) work out what strategy works for you.

For example, I spent a lot of time reading financial reports to understand what qualities in a company I liked (healthy gross margin, limited debt or at least healthy debt coverage with cash and receivables, steady revenue growth), and that'll differ from investor to investor (some people don't like companies who hold cash because it can appear like the company doesn't know how to invest it and it's a waste, for example).

I think a few consistent things I've been recommended and recommend to others are:

* Never invest funds that you wouldn't be okay if it hit zero (which can happen!)
* Invest in what you know and can understand. I too bought A2M as another commenter. I bought it because I could see a lot of my friends were developing lactose intolerances (which didn't seem to be much of a discussed issue a decade or two earlier), baby formula was a big thing (still is) and they didn't have a crazy amount of debt. Ticked my boxes and I went in. People were hyping Lithium miners when I started investing, and I didn't understand how valuations could work for a miner who was prospecting and didn't actually dig any minerals out of the ground yet. They went boom and now look at most of them. You don't need to have a crystal ball, but if you can understand a business and how their prospects apply to everyday life, it's not a bad way to start looking at companies. It's like, if you think the housing market is in trouble now, would you invest in [realestate.com.au](https://realestate.com.au)? No right?
* Stick to your convictions, but know when to pull the pin. Set a bottom out price that you're willing to weather on the chance you got an assumption about a company wrong, and also set an upward sell price (even if it's only taking your cost off the table). Everything in between is you riding the ups and downs of sentiment changes
* Just because something is at an all time low, doesn't mean it's cheap and a good buy. Also, just because something is at an all time high, doesn't mean it won't come down. People are looking at big blue chips at the moment because of the market downturn, everything's become ""cheap"". But little to no economic data has come out yet to back up valuations right now, so it's hard to say whether these are truly cheap or not. You might buy CBA today at $60 because it's the biggest bank and not long ago it was $90, so it should survive right? Well it goes back to point 2, if you don't know enough about the bank and how it makes money, not worth risking the money simply because it's at 52 week lows
* If you're not confident, start with Index ETFs (google the definition!). They are way safer and gives you diversity amongst companies and markets (vs investing in a single ASX company)
* Never trust stock picking advice from others. They are just as good/bad as you are, the difference is experience levels (but experience is not always a good thing). I've been told so many stock tips over the years, in businesses I don't understand, because it was what was ""hot"". Most of those have collapsed (or at least share price has) since. Use these stock tips to broaden your horizon for businesses to research and understand.

Good luck!",,,,16.0,0.0
69,1.0,The more I learn the less confident I am.,0.69675,0.28173417,0.021515707,4.0,0.0
70,2.0,"The first stock I ever bought was A2M and it was fueled purely on the ""China loves baby formula and they're removing the 1 child cap!!"". In hindsight I was incredibly lucky that it was such a good stock to buy but it was stupid reasoning lol. So to answer your question - I did not learn anything before I started buying.

Since then I've learned some very hard lessons such as buying into hype and other people ramping up stocks.",0.33688354,0.37216428,0.29095215,3.0,0.0
71,3.0,Personally spent \~4 years sitting on the side lines reading the financial news and researching strategies in my spare time throughout uni before I dipped my toes in. Was making more than enough in my retail job/online poker and had no capital to spare at the time.,0.32543278,0.5785353,0.09603188,1.0,0.0
72,4.0,Pretty much title. I'd like to know what you guys read or learnt online that you think were important before you started trading.,0.04631356,0.8397944,0.113892056,2.0,1.0
73,5.0,How much stuff did you learn before you felt confident to start trading?,0.10742521,0.8493185,0.04325621,2.0,2.0
74,0.0,"It's based on Futures, not the market.",0.28964344,0.6738863,0.036470253,5.0,0.0
75,1.0,"Day trade BEAR instead, made a tidy 8% buying it at the bottom today. 

BBOZ can be a powerful tool but I wouldn't go near it unless you fully understand the financial instruments it is constructed from. Derivatives are a whole different ball game to securities.",0.25062203,0.54361653,0.20576139,2.0,0.0
76,2.0,"They sell share index futures (SPI 200 futures); and they do not short sell shares in the underlying index. Price movements in BBOZ are  reflective of futures prices, and not necessarily the price level of the share market index especially during times of volatility. It‚Äôs a short exposure to the share market via futures.",0.10179131,0.8282683,0.06994048,1.0,0.0
77,3.0,"Been trading in an out of it for about two weeks now. This morning when the market was up 3% BBOZ was down 11%!!! Even right now the market is down nearly 1% and yet BBOZ is -1.75%. According to the instrument itself, it should be +2/2.5%. In theory, are we dealing with an inefficient market and this discrepancy is a buying opportunity. Because quite frankly, I‚Äôm starting to think this stock magnifies the losses and yet doesn‚Äôt react accordingly with its gains. 

TLDR: BBOZ can suck my dick",0.85548383,0.12519693,0.019319212,0.0,1.0
78,0.0,"Mod stepping in here as it's an obvious ramp. If you're going to ramp, at least make it informative üòÇ. Consider this a warning, but will keep it up because I'm against overly aggressive modding (particularly on a forum such as this) 

**from what I can see, there is no indication of Waislitz buying anything since December. **",0.43201005,0.49937823,0.06861175,1.0,0.0
79,1.0,how do u know alex is buying the stock? No announcement?,0.16333732,0.8134166,0.023246033,1.0,0.0
80,2.0,i bought these like a sucker.. in for the long game now. Havent seen their sanitiser products at Chemist warehouse yet as marketed...,0.6968686,0.26951218,0.03361919,1.0,0.0
81,3.0,"Made billions on penny stocks, he‚Äôs no idiot, very good investor, dyor and buy up",0.06430995,0.26912823,0.66656184,0.0,1.0
82,4.0,Alex Waislitz investing into WNB,0.02518063,0.9188005,0.05601895,0.0,2.0
83,0.0,EML resumes trading up 50%.,0.0037302396,0.46257994,0.53368974,3.0,2.0
84,0.0,MRR - MinRex Resources - Anyone familiar with this company?,0.026572354,0.9267738,0.046653885,0.0,2.0
85,0.0,"RFG has been in a downtrend since 2018, pre-covid it had only been sitting at $.10-$.11.

The only decent stores I can see that they own is Gloria Jean‚Äôs, Crust Pizza, Donut King, and Brumby‚Äôs, which are all not that great IMHO and would likely be prone to shutting down if they don‚Äôt get enough business once JobKeeper tapers out. They don‚Äôt own the market as opposed to Coffee Club, Domino‚Äôs, Baker‚Äôs Delight, etc. Just my 2 cents.",0.6237033,0.3269506,0.049346108,11.0,0.0
86,1.0,"I bought it at $5.50
My whole investment is worth about $14.50 haha. 
Arseholes.",0.5063335,0.38405707,0.10960951,9.0,0.0
87,2.0,"RFG was considered a high-quality stock a few years ago, it was also well discussed here on reddit ""back in the days"". SP down 99% over a few years span. I feel for those who had invested at $5-6. Completely brutalized by terrible management IMHO.

What has this to do with current valuations?

I have stopped following them, but I would highly suggest looking into what actual changes have been done into management and to their previous business model w/ franchisees - there were a few lawsuits going on. Not sure what ended up happening there.",0.6919638,0.273962,0.034074176,6.0,0.0
88,3.0,"Been a LT investor in the past but got out after problem after problem.

The catalyst was my own experience as a customer. Used to be a frequent customer to a few of their brands but quality went down after a certain time. I feel sorry for the framchise owners, you could tell they were trying their best",0.82986546,0.15592948,0.014205005,2.0,0.0
89,4.0,"Franchise business models are outdated. Many people who buy into these essential pyramid schemes learning they'd have been better off starting ""Steve's coffee shop"" than Gloria Jeans and paying fees on profits to the top of the pyramid and following their business practice even in bad times...  
  
So many failed investments have killed the brands. I wouldn't touch this even though the sector itself will benefit from reopening. BUT I'm just an idiot on Reddit",0.88795495,0.09913997,0.012905011,2.0,0.0
90,5.0,"I‚Äôve been following RFG since last year too, I personally like a couple of their brands. 
Anyway, it is indeed, messed up in terms of franchisee management, if you read the news articles the franchise owners have actually lost their investment (or earned literally a few dollars in the end) and received mistreatment from the management on top of that - not sure how RFG will expand based on all this. The ownership of the company does look solid (as in big institutional backing still) and the company became profitable only last year but I think I would just wait until they clear the mess / there‚Äôs change in leadership / something big of that sort.",0.26296607,0.49392775,0.24310613,1.0,0.0
91,6.0,"I note you didn't mention debt. Its still got a pretty big handicap there. Also, most of its franchisees were struggling in Jan, I believe many will close up shop when job keeper ends.",0.59718794,0.3698726,0.03293949,1.0,0.0
92,7.0,"looked at it back in the day, thought some of the brands look tired.  couldn't get excited back then.  was surprised by WAM getting into more recdntly, but seems they got it right for the moment.",0.24069984,0.45725626,0.30204383,1.0,0.0
93,8.0,"RFG are what inspired me to get into shorting. The minute I saw them smashed all over the TV with their shonky business model hoovering up the savings of aspiring entrepreneurs into their mothership, it became obvious they'd crash. There's about 1880 stocks on the ASX. Can't be too hard to find something better.",0.46448517,0.37642694,0.15908791,1.0,0.0
94,9.0,"Trading at $.06 - $.07 for over a month now, has a wide range of brands under it that should get back to business in the coming months. Decent numbers behind what looks like a undervauled stock once stores start to open up again.

 

**Income Statement**

Basic EPS (FY)**-0.8168**

Basic EPS (TTM)**-0.1823**

EPS Diluted (FY)**-0.8168**

Net Income (FY)**-149.257M**

EBITDA (TTM)**29.121M**

Gross Profit (MRQ)**‚Äî**

Gross Profit (FY)**111.483M**

Last Year Revenue (FY)**172.53M**

Total Revenue (FY)**172.53M**

Free Cash Flow (TTM)**-20.211M**",0.055539712,0.7518438,0.19261654,5.0,1.0
95,10.0,Any thoughts on Retail Food Group,0.09459793,0.87145865,0.033943366,5.0,2.0
96,0.0,Think you may be jumping a bit early.i held some Avh shares. The same thing you describe happen with mine then they went from 100 shares to 100 I think it was and basically after a few days I was able to sell them as ordinary on my anz app. Give it a few days,0.08887477,0.76621145,0.14491367,2.0,0.0
97,1.0,Will all the be words from their announcement i am holding on to mine the same for a little while but I think the computer part and getting everything to marry up in the back end is where the delay is. It did also state they qill keep both listings Asx As Nasd,0.13761,0.8160149,0.046375107,2.0,0.0
98,2.0,"Just hold on. Mine have already converted back to the code AVH at the redomicile rate. You have the same value of shares from the cents conversion to the dollars. Just less shares. 

I had this happen with MSV too. It will be the same.",0.105690874,0.70950925,0.18479979,2.0,0.0
99,3.0,"Hi,
Just an update: I've checked my CommSec account this morning and my AVHDA are now AVH. 
Thanks everyone for the replies. Cheers!",0.0072420035,0.16882914,0.8239288,2.0,0.0
100,4.0,"Hi,

I have an odd question regarding my AVH shares. On my CommSec account I currently hold 1,000 AVHDA shares (or CDIs... the whole redomicile process is new territory for me). 

My share registry account shows the holdings as: 

AVITA THERAPEUTICS,INC. (AVH)                               
CHESS DEPOSITARY INTERESTS 

1,000    $8.94   30/06/2020    

So I have two questions: 

1) Can I convert my AVHDA to ASX: AVH? I would much prefer to hold my shares as ordinary fully paid. 

2) If the above answer is ""no"", how do I sell these shares for when I decide it's time? The AVHDA listing is showing as chi-x suspended with not a single unit moving today. However ASX:AVH has been active all day. 

I could be jumping the gun with these questions as the new AVH listing is showing as ""reconstructed"".  I'm just concerned that I may have done something wrong on my end and will be stuck with these CDI units.",0.5302834,0.4200232,0.049693346,3.0,1.0
101,5.0,AVHDA/AVH - CDI/redomicile question,0.08895857,0.87883884,0.03220251,3.0,2.0
102,0.0,Just my personal opinion and the product of 5 minutes of looking into this: I think you might have found a winner here.,0.016121414,0.3450992,0.63877934,11.0,0.0
103,1.0,"The only thing I can immediately see you missing is a further deterioration in coal prices that might happen with a prolonged downturn. Although this risk exists to some degree for almost every stock right now so whatever.

Agree they will be able to survive regardless and the price will eventually recover so seems like a good buy to me.",0.12892489,0.5197583,0.35131675,4.0,0.0
104,2.0,Probably due to the decline of Aus China relationship which seems to be on a slippery slope,0.6620833,0.32811406,0.009802631,3.0,0.0
105,3.0,"What am I missing here crn should be at least $2 once things recover(may take 2 years) the financials seem solid enough to survive for a year or two. The world will need met coal and crn from what I understand is one of the lowest cost 'producers'

What am I missing seems like a solid mid to long hold?",0.12060671,0.63250417,0.24688914,14.0,1.0
106,0.0,"Boy, I sure wish I did. What an unbelievable jump",0.19218314,0.37746412,0.43035278,3.0,0.0
107,1.0,"Why did it jump that much, I tried to understand what the contract with Samsung meant, but couldn't make sense of what it means for the company.",0.6346967,0.34148845,0.023814926,2.0,0.0
108,2.0,Who got chance to get on üöÄüöÄüöÄ of ESK; i am telling u this i will be jealous.üòè,0.713546,0.25560197,0.030852012,0.0,1.0
109,0.0,"Thank you, HotMementumStocks, very cool!",0.0010834682,0.008766252,0.99015015,1.0,0.0
110,1.0,intersex high grades of cocaine.,0.6039405,0.37406117,0.021998279,1.0,0.0
111,2.0,$KLA Intersects High Grades,0.060602676,0.8935653,0.04583198,0.0,2.0
112,0.0,Did you? I heard they skyrocketed!,0.01646482,0.28838906,0.6951461,1.0,0.0
113,1.0,Thoughts on DW8? The management team r really strong imo. Wanting to put a few grands in them.,0.0022653264,0.112532295,0.8852024,0.0,1.0
114,0.0,"Low interest rates are bad for insurance companies. And the climate is warming, which increases the frequency  and severity of storms etc.",0.76727647,0.21305831,0.019665325,3.0,0.0
115,1.0,I‚Äôm out of the loop. Why has the stock been declining so steadily for the past 9 months?,0.85594815,0.13640621,0.007645754,1.0,0.0
116,2.0,"It's in a longer term down trend. I'd not touch it until there consolidation and or an indication it starts to turn for a period of time. It may find some support around 4 dollars for technical traders.That remains to be seen and far from certain.

I remain cautious market wide. US is a bit of wildcard in the short term.",0.30221516,0.6361623,0.061622694,1.0,0.0
117,3.0,"The view from a fund manager (Wilson Asset Management) posted on Livewiremarkets a couple of weeks ago is that it's being sold down due to potential exposure to business interruption claims.

Background: IAG's business interruption policies excludes interruption caused by pandemics listed in the Quarantine Act of 1908. Problem is, this piece of legislation doesn't exist having been repealed some years ago, so small business owners are saying the exclusion doesn't apply and IAG must replace their lost revenue caused by the covid lockdowns. There will be a court case to decide if IAG, and other insurers in a similar situation, will have to pay up.

FWIW, Wilson thinks the market is overestimating the costs that may arise from this issue and thinks the stock will go up when the issue is resolved.

I do not think the sell down is caused by interest rates or bushfires, because that is old information that applied just as much early this year when the share price was $6-$7 as it does now.",0.56151956,0.40171733,0.036763024,1.0,0.0
118,4.0,Closed at 4.38. I thought $5 was a bargain,0.051772002,0.69574124,0.2524867,6.0,1.0
119,5.0,Anyone else trying to catch the IAG falling knife?,0.2215654,0.75654733,0.021887276,6.0,2.0
120,0.0,"Down down, prices are down.

Sorry could not resist.

Pretty solid defensive company I think. Probably just over-bought during uncertain times.

I think they may have gone ex dividend recently which won't help.",0.610537,0.31758282,0.07188021,29.0,0.0
121,1.0,"Overbought.

Panic buying (ridiculous) over. Panic buying only brought forward the majority of sales.

People still eating food they panic bought.

Same operating costs (if not higher, due to covid precaution producivity loss and covid precautions), despite less foot traffic.",0.6601117,0.29771364,0.04217466,6.0,0.0
122,2.0,"Overbought. 

Also their current numbers are not obtainable, they are never going to see 40-50% increases in sales week on week until the population growth follows suit.",0.82370466,0.1613579,0.014937559,4.0,0.0
123,3.0,imo they face stiff competition from woolies which has improved its overall product whereas coles has stayed about the same. flybuys has depreciated alongside with it.,0.15538855,0.6243724,0.22023904,1.0,0.0
124,4.0,"The dividend was lower than it should have been at 18, so it dropped. Less than 2% at its current price. For comparison, wesfarmers are paying 95c per share tomorrow. About 2.2%. Boomers probably sold.",0.5634991,0.3914565,0.04504434,1.0,0.0
125,5.0,"All I‚Äôve found so far in my research is how positive the year has been and how well the company is doing and obviously these things don‚Äôt necessarily always correlate to the stock doing better but they‚Äôve hit a pretty steep dip since August so I was just curious if people were tossing this one up to general economic and market volatility or something more specific related to Coles? 
Cheers!",0.063657954,0.36519155,0.57115054,10.0,1.0
126,6.0,"COL.AX - Coles, what‚Äôs going on??",0.09687898,0.84847736,0.05464362,10.0,2.0
127,0.0,"Absolutely every stock on the ASX ""has massive potential"" except for MYR. Go to any small cap miner on HC and everyone says the same thing ""just wait until they make the annoucement/release their results/get noticed by the market/start mining/get their permit applications"" and then this stock will absolutely moon.

There's absolutely no due diligence in your post at all.",0.4390618,0.4550874,0.10585081,19.0,0.0
128,1.0,"It‚Äôs trading at 8% of npv so definitely one to watch, especially with the American market being so close. However, it won‚Äôt make money for another 2 or so years while they ramp up",0.28530926,0.5818969,0.13279378,4.0,0.0
129,2.0,Making bets on what‚Äôs in the ground,0.10147016,0.8590253,0.03950451,5.0,0.0
130,3.0,I agree. This was my first purchase after the covid bear market DYOR on this one but I am holding for that 20x bag..will take a few years but every chance of actually getting there.,0.019148696,0.4354332,0.5454181,6.0,0.0
131,4.0,Just coming to report a 17% increase this past week and a  246.1% increase in the past 6 months.,0.0055882083,0.64406013,0.35035157,2.0,0.0
132,5.0,12/21/2020 ABR:AX $1.420 !,0.034352764,0.9023896,0.06325766,2.0,0.0
133,6.0,"ABR : AX (American Pacific Borates Limited)  
company website: [https://americanpacificborates.com/](https://americanpacificborates.com/)

\- very interesting, mining company listed in Australia but operates in California/Nevada  
\- 0.700 a share but has a market cap of around 250mil, very undervalued  
\- Sitting on HUGE resource, ready to be mined in the next couple years  
\- The resource is the largest known contained borate occurrence in the world not owned by the two major borate producers. (rio tinto, eti maden)  
\- Boron market cap set to hit 2-3 Billion by 2024  
\-Recent Info: [https://vimeo.com/452446444?fbclid=IwAR2oDp3TMEIOmLkx7p25JwFvSVDJaPPqoxzoLYEHbP26nBiQ675xg5VnCTo](https://vimeo.com/452446444?fbclid=IwAR2oDp3TMEIOmLkx7p25JwFvSVDJaPPqoxzoLYEHbP26nBiQ675xg5VnCTo)",0.03513517,0.5191788,0.445686,13.0,1.0
134,7.0,ABR:AX - long term -(massive potential),0.017832197,0.7257331,0.25643468,13.0,2.0
135,0.0,Reminder from mods that anyone posting unsolicited referral links will be deleted and/or banned,0.758547,0.23281907,0.008633884,1.0,0.0
136,1.0,"Won't get zero fees in Australia.

If you're looking for CHESS sponsored - your cheapest 3 bets are going to be:

-Opentrader ($5 a trade for trades up to $2.5k)

-ThinkMarkets ($8 a trade for trades up to $250k)

-Selfwealth ($9.50 flat rate)


Also if you're trading tiny parcels
Commsec ($10 a trade up to $1k)


For platform, Commsec is probably the best, but YMMV",0.013407664,0.24452034,0.7420719,5.0,0.0
137,2.0,"We're pretty good. We're only the ASX but will be launching US trading before Christmas.

No account fees, only $9.50 per ASX trade.",0.0012840896,0.03375809,0.9649577,8.0,0.0
138,3.0,"If you were wanting to learn more about an OpenTrader account, let us know! We have a $5 flat brokerage fee on trades less than $2500 in size and are CHESS sponsored.",0.0059044464,0.6927802,0.3013153,2.0,0.0
139,4.0,"I'm wanting to invest in index fund mainly in the areas of Australian stocks, Australian government bonds and international stock. This is a long term strategy so im not looking to sell. Whats the best brooker here in aus with preferably minimal to zero fees. I have a vanguard account currently but im looking for something easier as i live in aus.

Any help would be awsome",0.07444765,0.5559717,0.36958057,3.0,1.0
140,5.0,Looking for broker recomendations,0.026448231,0.90841556,0.065136336,3.0,2.0
141,0.0,"The ASX200 represents 80% of the Australian market, weighted by market capitalisation. The performance of the ASX300 and the ASX200 is pretty damn close. Including data on the other companies that make up the approximately 2,200 companies listed on the ASX, seems like it would be of negligible help for what you're doing. 

The S&P500 is the equivalent index in the US. It represents approximately 80% of the US market. 
There is also an S&P1500 index. 
As well as a 400, 600, 900 and 1000. 

Otherwise, there's a Russell 3000, which seems to be the closest thing you're looking for, for the US.",0.16258423,0.59936106,0.2380547,3.0,0.0
142,1.0,"All Ords is the top 500. It's the largest index here.

Our market is divided into sectors or indices. XJO is the top 200, XAO is the all ordinaries, XJE is energy, XFJ is the financials and so on.

In the US there are ship load of indices, some with thousands of stocks. Lists here:

 https://en.wikipedia.org/wiki/List_of_stock_market_indices

You could enter their tickers on a charting program to watch sectors rise/ fall and rotate as they do over time.",0.029040387,0.6964367,0.27452284,3.0,0.0
143,2.0,Yeah DJIA kinda sucks as an index - S&P 500 is probably the most equivalent to our ASX 200,0.9242235,0.069163814,0.006612786,2.0,0.0
144,3.0,"Hi all, I have noticed that the ASX 200 only represents the 200 biggest companies, whereas the DJI represents only a small number of companies in the US. 

Is there anywhere that does an entire market snapshot of the ASX or even the NASDAQ/DJI etc? I don‚Äôt want to see just the biggest companies and how well they are performing, but rather all companies in the ASX and what the overall trends are for the last 30 days or 6 months etc.

Any assistance would be greatly appreciated.",0.29315197,0.5556668,0.15118128,6.0,1.0
145,0.0,Yes but it wouldn't compound unless you reinvest your dividend (for the avoidance of doubt),0.26431376,0.6594725,0.0762137,5.0,0.0
146,1.0,"The 3% part is correct. And no on the time in market part, it is just impossible to time the market so getting in when you are able to is the best option.",0.13074183,0.5303916,0.3388665,2.0,0.0
147,2.0,"If I bought $10k worth of a stock/ETF, and after 10 years it's the same value, but has been paying 3% dividends, then woupd my return on investment be 3% p.a.?

Is this why time in the market is better than timing the market?",0.090881824,0.68519616,0.22392204,2.0,1.0
148,0.0,"I posted a longish response about company issued options, but deleted it as it may not have been exactly what you were looking for.

If I were you I would filter through the particular company's announcements and find where the issue was announced.

Or call the share registry ie Computershare , Link Marker Services etc and they can probably give you the relevant info.

If it is a small company you can call the company secretary and ask for an explanation. I have done this numerous times as a novice investor looking the info or clarification on things. It's never been a problem.",0.16071495,0.60232365,0.2369615,2.0,0.0
149,1.0,"Just wondering what a limited option stock is. Encountered these over the past few days looking at a few different companies on the ASX because a second option would come up with an extra letter on the ticker or something and it will be listed for example as: Limited Option Expiring 22 FEB 2021

What happens on the expiration date for these shares and is it better to invest in limited options as opposed to the main ones because they're cheaper?

Someone please explain these to me, thanks",0.14873952,0.77306837,0.07819201,3.0,1.0
150,0.0,"A close friend I are looking to invest into the stock market together and continue to deposit equal contributions on a semi-regular basis. Our history and relationship make the functional structure less risk prone that might seem on the outset.

We'd like to have the ownership shared of this investment vehicle (i.e. not have two separate trading accounts mirrored) and although there are options for two individuals to have a joint trading account (with associated checks and balances), one of us has a trust. For asset protection purposes it makes sense to have the trust have 50% ownership of this investment vehicle.

My question is - is there a trading platform that enables investment in Australian Equities and ETF's by way of a joint trading account, part-owned by both an individual and a trust?

Otherwise, is there another way that we can both co-own an investment vehicle like this, with the trust/person part-ownership construct?

Thanks!",0.023213124,0.5795199,0.3972669,1.0,1.0
151,1.0,"Joint Australian Equities Trading Account - is it possible to have it 50% Family Trust Owned, 50% Individual??",0.045537185,0.9229613,0.03150162,1.0,2.0
152,0.0,"Cant add stocks below 10cents, thats some bs i wanna add in DW8",0.6764059,0.30192432,0.021669736,5.0,0.0
153,1.0,">No stocks that are trading at less than $0.10 on the day of entry may be entered.

Stupid rule tbh.",0.6761858,0.29634228,0.027471952,1.0,0.0
154,2.0,"I'm a member of Aussie Stock Forums and they have a yearly stock tipping competition with a $1,000 top prize.

Just thought I'd let you guys know if you were interested in throwing your hat into the ring. Worth a punt IMO.

Entry thread for the 2021 competition is here: https://www.aussiestockforums.com/threads/tipping-competition-for-full-cy-2021.35922/

Entries close in three days.",0.015283745,0.620556,0.36416036,14.0,1.0
155,3.0,2021 stock tipping comeptition,0.04971285,0.90284,0.047447093,14.0,2.0
156,0.0,"> in 2000‚Äôs trading at $12

Not the same FBR, FBR RTOd DMY Capital in 2015",0.1983589,0.76035005,0.04129111,2.0,0.0
157,1.0,"Well, Caterpillar backed out of the MOU so basically the tech just ain‚Äôt good enough.",0.8966319,0.09499884,0.0083692605,2.0,0.0
158,2.0,"Recently there‚Äôs a bit of hype about them. What‚Äôs the deal, in 2000‚Äôs trading at $12, now at $0.04.",0.091348745,0.83026695,0.0783843,0.0,1.0
159,0.0,Anything ASX listed can be purchased,0.010627543,0.7630152,0.22635736,3.0,0.0
160,1.0,"Yes, if they can be purchased on the ASX",0.011182637,0.6629224,0.32589504,1.0,0.0
161,2.0,"Hi u/Weird-hat

We'd be happy to have you on board! And as noted by others here, the ETFs that are listed on the ASX can be traded via OpenTrader.",0.0014342866,0.083198614,0.915367,1.0,0.0
162,3.0,"With opentrader‚Äôs chess sponsored system and $5 brokerage, I‚Äôm looking to switch over. Does anyone know if Australian etfs are available, particularly Betashares and Vanguard?",0.046724603,0.8935596,0.059715714,4.0,1.0
163,0.0,Is there an AU/ASX version of EMQQ (Emerging Market EComm ETF) by any chance? The closest one I could find was ASIA,0.04200681,0.9107935,0.047199752,2.0,1.0
164,0.0,"I saved this post from the other day which was useful / had a lot of resources:

https://www.reddit.com/r/FluentInFinance/comments/mehxkz/a_guide_on_how_i_research_analyze_perform_dd_due/?utm_medium=android_app&utm_source=share",0.0054202145,0.16083966,0.8337401,10.0,0.0
165,1.0,"I found YouTube to be extremely helpful. I watch as many videos as I can, about different strategies and then dig deeper into those using Investopedia. Some types of videos to get you started include looking at how to research company fundamentals and how to write your own due diligence, growth investing vs investing in intrinsically undervalued stocks, why/how to properly diversify, risk tolerance, cost averaging in and why it's important, different types of trading (long term, swing).

I think it's also very important to add yourself to a few communities, whether it be on Reddit, Discord, YouTube etc. They help you get through the hard times (like we have experienced recently) and to stay up to date with what's happening around the world so that you can make calculated decisions on managing your portfolio.",0.0042292983,0.11987772,0.875893,8.0,0.0
166,2.0,"If podcasts are your thing at all, check out Equity Mates. Couple of Aussie guys mapping out their own investing journey. Really easy to listen to and insightful for people at any level. Start with their ‚ÄòGet Started Investing‚Äô series and go from there.",0.0013732642,0.056938544,0.94168824,6.0,0.0
167,3.0,When I was first learning I used the podcast Equity Mates: Get Started Investing. It was great for me as a beginner and I‚Äôd highly recommend,0.0010139986,0.017709794,0.98127615,5.0,0.0
168,4.0,"https://passiveinvestingaustralia.com/


Best resource as a new investor",0.014742434,0.73988307,0.24537447,7.0,0.0
169,5.0,Buy high and sell low like me üìâ,0.109056756,0.74434537,0.14659788,7.0,0.0
170,6.0,"Hi-jacking the thread sorta. My little sister has taken an interest in investing small amounts. I‚Äôm leaning towards directing her towards commsec pocket.

But I can‚Äôt find anything on the actual etfs it invests in. Can anyone here point me in the right direction?

Are they existing etfs? Or custom made? If custom, the management fees?",0.16879652,0.74991983,0.0812837,2.0,0.0
171,7.0,"Can I also jump in as a complete newbie and ask what the best apps are for buying stocks in AUS? - I've done as much research as I can (though these are wonderful resources) and want to get my hands dirty now.  


So far I've been told about Selfwealth and Commsec  


Thanks all!",0.037585158,0.27494723,0.6874677,1.0,0.0
172,8.0,Say gidday to Tom...for comsex.,0.031800974,0.8300725,0.1381265,1.0,0.0
173,9.0,Join Asx bets and find the newest meme stock and profit.,0.005326468,0.5199708,0.47470278,1.0,0.0
174,10.0,"sign up for the free rivken report, then read all their strategies.  
[https://rivkin.com.au/](https://rivkin.com.au/)  
it's a starting point, not an end point.  


It's very temping to follow asxbets and others promoting risky stocks promising high gains.",0.029443443,0.4624216,0.5081349,1.0,0.0
175,11.0,"Hey everyone, I have just recently decided to start educating and investing into the stock market. I have just opened up a Commsec account and a Commsec Pocket account to start investing. 

I‚Äôm looking towards long term investments. I have heard that ETFs are the safest and best option to begin with. However I have been hearing a lot of positives regarding vanguard. 

If any of you could give me insight into how you research and educate yourselves it would be much appreciated.",0.0026602566,0.06698723,0.9303525,29.0,1.0
176,0.0,"Afterpay

Zip pay 

Open pay

Oxipay

Laybuy

IOU Pay

Limepay 

Sezzle

Fatfish

Splitit

Zebit

FlexiGroup

Humm

Bundll

Klarna

Brighte

LatitudePay

Commonwealth Bank

That‚Äôs my list of known BNPL companies - I‚Äôm sure there are more. My point is, there are no barriers to entry. Work out what the result might be as the list grows even bigger.",0.034808323,0.50162584,0.46356574,11.0,0.0
177,1.0,"got in at 2.1, regret it to this day but still holding",0.62950814,0.3323684,0.03812352,4.0,0.0
178,2.0,"Seriously though, how many players can operate in this space?

Think about the checkout at some shops....

""We Accept : 

Credit Cards

* Visa
* MasterCard
* American Express
* Diners
* PayPal or PayPal Express

Other Methods

* Afterpay
* Zip
* Humm
* Openpay

The list can get too long I reckon. Some places will limit their payment methods to save administrative effort in their accounting dept.

Eventually there will only be 2-3 majors.",0.28713197,0.61339164,0.09947642,2.0,0.0
179,3.0,"only had a quick look, thought it could be heading for a cap raise.  the key to bnpl is probably gaining market share in the landrush and making a decent margin, i'd also be looking at what point of difference each offer has.   if apt is barrelling through cash and has needed more to expand, where does it put the others?",0.05382465,0.7811236,0.1650518,2.0,0.0
180,4.0,"I'm holding long on LBY. Jumped on late last year, currently down abit but it has shown great success in the UK and hopefully that follows into the US. The BNPL sector is hopefully at the bottom or close to the bottom of the sell off. I'm really looking forward to what LBY put out in April and moving forward.",0.005722289,0.066727474,0.92755014,3.0,0.0
181,5.0,Jesus people just don't learn lol,0.7757809,0.19330168,0.030917445,1.0,0.0
182,6.0,Thoughts on LBY.... IPO September 2020 looking at 500% Revenue growth in the UK and soon to be expansion into USA.. first full year financials reported April 20th 2021???,0.003091047,0.53807896,0.45883,15.0,1.0
183,0.0,"Real time data costs money, if you have a commsec account you can get live data to watch your portfolio or watchlist for free.",0.29265997,0.5898664,0.11747368,14.0,0.0
184,1.0,"Just use commsec app mate, it's free and does the job. Like others have said, if you want to spend a little cash, go with the premium plan of trading view or just blow your load on a bloomberg terminal for instagram flex.",0.06299437,0.5320219,0.40498373,6.0,0.0
185,2.0,"I believe Tradingview can monitor ASX in real-time if you pay, its very powerful site.",0.002453822,0.07361618,0.92393,4.0,0.0
186,3.0,"Don't ride the emotional rollercoaster. If you aren't day trading, just check them at the end of the day :)",0.2562072,0.55211115,0.19168162,14.0,0.0
187,4.0,Selfwealth is also live in the research and analysis screen,0.029375114,0.85868967,0.11193515,3.0,0.0
188,5.0,"Mate, I can recommend downloading an App called Delta. You can feed in transactions manually or automate it by connecting to exchanges, which I haven't done. Able to track ETFs, Crypto, and of course Stonks.",0.01695038,0.2959396,0.68711,2.0,0.0
189,6.0,My stock portfolio.  It's free and shows you live daily change as well as overall profit / loss.,0.017463583,0.46586826,0.51666814,2.0,0.0
190,7.0,"CMC, live with click to refresh. For US i use IG live price.",0.06561698,0.85307455,0.08130848,2.0,0.0
191,8.0,Before we answer this question... Why do you want to?,0.13710052,0.83876044,0.024139022,2.0,0.0
192,9.0,"You can use google sheets, pulling in the data in almost real time. It‚Äôs pretty straightforward and you can then play with the data and fields. 

https://support.google.com/docs/answer/3093281?hl=en",0.0055624046,0.22432044,0.77011716,1.0,0.0
193,10.0,I use WeBull in a browser to watch US stocks live. Interactive brokers may work I'm not sure,0.05998109,0.7994056,0.14061338,1.0,0.0
194,11.0,"IRESStrader for steaming market data and execution,but am moving over to IRESS viewpoint now. 

I‚Äôve jumped onto Spark by Iguana 2 now for market depth and charting. 

You can‚Äôt beat IRESS and Spark for ASX.",0.03470451,0.41339466,0.55190086,-1.0,0.0
195,12.0,"I want to set up a real time tracker on my second screen to watch my investments, but can't find something that works the way I want too...",0.64756286,0.3219511,0.030486034,15.0,1.0
196,13.0,What software/site do you use to real time watch your stocks?,0.058933895,0.89205986,0.049006265,15.0,2.0
197,0.0,"Apx in my view seems odd, they really are a data company dressing up as an AI business. Big risk for them is competitors doing similar work for cheaper clams.",0.6848207,0.2903092,0.024870126,8.0,0.0
198,1.0,"XRO is undoubtably the highest quality and the ""best"" business but you pay for it in valuation.

I would rather ALU over APX, however think ALU's chart will follow APX (Still has a fair way to bottom out) - Never catch a falling knife, wait for the first positive ann in the upgrade cycle.",0.07853006,0.47028062,0.4511894,3.0,0.0
199,2.0,"Would rather buy NDQ. Aussie tech is meh in comparison. 

My opinion, not financial advice.",0.5040331,0.44179302,0.054173995,8.0,0.0
200,3.0,"i bought a few ALU when the chart looked better, but not expecting much for a while.  APX i'm leaving til the chart and outlook looks better.  XRO i'm just holding, should have cleared some at the top.

bought one tech related stock today, I'm only really looking to get back into one pure tech stock but I can wait on it.

bear in mind things were a lot different when APX was 43, with bond rates up and several downgrades since.",0.13198559,0.5450598,0.32295462,2.0,0.0
201,4.0,XRO has one of the most impressive management teams going around IMO. I‚Äôve been buying over the past month.,0.0011720068,0.018547494,0.9802805,2.0,0.0
202,5.0,I think ALU and APX are good stocks but would wait for SP to stabilize as they may still go down a bit.,0.052786026,0.39768574,0.54952824,2.0,0.0
203,6.0,Would not consider XRO cheap/reasonbly priced. Even when it fell below $110...,0.65375376,0.32329527,0.022950884,0.0,0.0
204,7.0,"I'm thinking of adding a tech share to my portfolio, as they are all currently at very reasonable prices. The price of APX especially seems dirt cheap to me, given that it peaked at $43.50 last year and is currently trading at $15.80, and the prospects for tech look good for the next 5 or so years.",0.0023489424,0.05237598,0.94527495,8.0,1.0
205,8.0,"Is anyone tempted by ALU, APX or XRO?",0.022762747,0.92614496,0.051092222,8.0,2.0
206,0.0,What is tlss supposed to be? Its not listed on ASX,0.53251326,0.44672757,0.020759119,4.0,0.0
207,1.0,They aren't listed on any known reputable market to trade from. Looks dodgy AF,0.91897815,0.07573068,0.005291238,2.0,0.0
208,2.0,You can buy shares on Etrade.   There aren't a lot of credible platforms that allow you to buy TLSS.,0.39027634,0.5268692,0.08285438,1.0,0.0
209,3.0,"Hi everyone I am trying to buy penby stock like tlss.I tried ib,selfwealth and commsec but none of them have tlss. Do you know where I can buy tlss specifically?Thank you",0.37972695,0.56601125,0.054261845,0.0,1.0
210,0.0,I see Interactive Brokers mentioned a lot when people are discussing options trading in Aus.,0.053960692,0.88029516,0.065744214,3.0,0.0
211,1.0,I know CMC does options and so do the bank trading apps like commsec.,0.06456502,0.8789252,0.056509767,2.0,0.0
212,2.0,"Please suggest me best app to buy option trade in Australia ,. If anyone from Hobart I want to learn more.
Please help.",0.015170599,0.5304474,0.45438194,0.0,1.0
213,0.0,ASX: SOR üöÄüöÄüöÄüöÄüöÄüöÄ will reach AUD$1.5 This year. üçªüçªüçªüçªü§ëü§ëü§ëü§ë,0.014198125,0.7461648,0.23963688,0.0,2.0
214,0.0,Never thought I‚Äôd see the day...,0.5149561,0.38537213,0.09967176,0.0,2.0
215,0.0,Cettire.com ‚Äî A Luxury Fashion Grey Market That IPO‚Äôd in Australia,0.016729584,0.89482605,0.08844429,1.0,2.0
